split,samples,diabetic_ratio
test,315,0.35873015873015873
train,1096,0.36496350364963503
val,358,0.7150837988826816
