kmer,importance
gatata,0.017398572
gacaac,0.011384523
ttaac,0.011335227
ttggac,0.009806685
agaata,0.009474617
tgtggt,0.008845889
gacgat,0.0081764255
gggaca,0.007834396
tcgaga,0.006953048
atcggc,0.006840237
ggggta,0.00675377
gcaaga,0.0065700817
tagta,0.006103031
tgtacg,0.006100248
aaacgg,0.0060479133
cgcatc,0.005935478
gctaga,0.00580099
tcggc,0.005755677
ggtact,0.005552096
acggca,0.0055074575
ggatta,0.0054402337
ttgttg,0.0053264042
cggtgc,0.0052031865
ttttgg,0.005010131
atatca,0.004999174
agcta,0.0048933425
ttctcg,0.00485267
ctggta,0.0048025176
ccgggg,0.0047716326
aatct,0.0046932525
